"id","name","alt_name","photo","description","created_at","updated_at","country"
"1","6 Океанов",,,,"2000-01-00 00:00:00","2000-01-00 00:00:00",
"2","60mm",,,,"2000-01-00 00:00:00","2000-01-00 00:00:00",
"3","7000$",,,,"2000-01-00 00:00:00","2000-01-00 00:00:00",
"4","7раса",,,,"2000-01-00 00:00:00","2000-01-00 00:00:00",
"5","Vincent Gillioz",,,,"2020-03-28 10:28:55","2020-03-28 10:28:55",
"6","Adam Lambert",,,,"2000-01-00 00:00:00","2000-01-00 00:00:00",
"7","Adema",,,,"2000-01-00 00:00:00","2000-01-00 00:00:00",
"8","Aerosmith",,,,"2000-01-00 00:00:00","2000-01-00 00:00:00",
"9","AFI",,,,"2000-01-00 00:00:00","2000-01-00 00:00:00",
"10","Against Me!",,,,"2000-01-00 00:00:00","2000-01-00 00:00:00",
"11","Akira Yamaoka",,,,"2000-01-00 00:00:00","2000-01-00 00:00:00",
"12","Alanis Morissette",,,,"2000-01-00 00:00:00","2000-01-00 00:00:00",
"13","Alcest",,,,"2000-01-00 00:00:00","2000-01-00 00:00:00",
"14","Alien Ant Farm",,,,"2000-01-00 00:00:00","2000-01-00 00:00:00",
"15","Alizee",,,,"2000-01-00 00:00:00","2000-01-00 00:00:00",
"16","Alma",,,,"2000-01-00 00:00:00","2000-01-00 00:00:00",
"17","Almost Kings",,,,"2000-01-00 00:00:00","2000-01-00 00:00:00",
"18","Anatomie Bousculaire",,,,"2000-01-00 00:00:00","2000-01-00 00:00:00",
"19","Anouk",,,,"2000-01-00 00:00:00","2000-01-00 00:00:00",
"20","Apocalyptica",,,,"2000-01-00 00:00:00","2000-01-00 00:00:00",
"21","Arcade Fire",,,,"2000-01-00 00:00:00","2000-01-00 00:00:00",
"22","Arida Vortex",,,,"2000-01-00 00:00:00","2000-01-00 00:00:00",
"23","Army of Me",,,,"2000-01-00 00:00:00","2000-01-00 00:00:00",
"24","Bad Religion",,,,"2000-01-00 00:00:00","2000-01-00 00:00:00",
"25","Banana Bomb",,,,"2000-01-00 00:00:00","2000-01-00 00:00:00",
"26","Basil Poledouris",,,,"2000-01-00 00:00:00","2000-01-00 00:00:00",
"27","Battlelore",,,,"2000-01-00 00:00:00","2000-01-00 00:00:00",
"28","BIGkids",,,,"2000-01-00 00:00:00","2000-01-00 00:00:00",
"29","Billy Idol",,,,"2000-01-00 00:00:00","2000-01-00 00:00:00",
"30","Billy Talent",,,,"2000-01-00 00:00:00","2000-01-00 00:00:00",
"31","Birdy",,,,"2000-01-00 00:00:00","2000-01-00 00:00:00",
"32","Black Stone Cherry",,,,"2000-01-00 00:00:00","2000-01-00 00:00:00",
"33","Blind Guardian",,,,"2000-01-00 00:00:00","2000-01-00 00:00:00",
"34","Blindside",,,,"2000-01-00 00:00:00","2000-01-00 00:00:00",
"35","Blood Red Shoes",,,,"2000-01-00 00:00:00","2000-01-00 00:00:00",
"36","Bloodhound Gang",,,,"2000-01-00 00:00:00","2000-01-00 00:00:00",
"37","Blue Stahli",,,,"2000-01-00 00:00:00","2000-01-00 00:00:00",
"38","Bon Jovi",,,,"2000-01-00 00:00:00","2000-01-00 00:00:00",
"39","Breaking Benjamin",,,,"2000-01-00 00:00:00","2000-01-00 00:00:00",
"40","Bromheads Jacket",,,,"2000-01-00 00:00:00","2000-01-00 00:00:00",
"41","Buccc ",,,,"2000-01-00 00:00:00","2000-01-00 00:00:00",
"42","Bullets and Octane",,,,"2000-01-00 00:00:00","2000-01-00 00:00:00",
"43","Catharsis",,,,"2000-01-00 00:00:00","2000-01-00 00:00:00",
"44","Social Distortion",,,,"2020-04-01 12:04:43","2020-04-01 12:04:43",
"45","Обе-Рек",,,,"2021-06-09 11:18:31","2021-06-09 11:18:31",
"46","Chris Isaak",,,,"2000-01-00 00:00:00","2000-01-00 00:00:00",
"47","Citadel",,,,"2000-01-00 00:00:00","2000-01-00 00:00:00",
"48","Clawfinger",,,,"2000-01-00 00:00:00","2000-01-00 00:00:00",
"49","Cliff Lin",,,,"2000-01-00 00:00:00","2000-01-00 00:00:00",
"50","The Cranberries",,,,"2000-01-00 00:00:00","2000-01-00 00:00:00",
"51","Crazy Town",,,,"2000-01-00 00:00:00","2000-01-00 00:00:00",
"52","Crezter",,,,"2000-01-00 00:00:00","2000-01-00 00:00:00",
"53","Cryoshell",,,,"2000-01-00 00:00:00","2000-01-00 00:00:00",
"54","D Creation",,,,"2000-01-00 00:00:00","2000-01-00 00:00:00",
"55","Darkseed",,,,"2000-01-00 00:00:00","2000-01-00 00:00:00",
"56","Device",,,,"2000-01-00 00:00:00","2000-01-00 00:00:00",
"57","Disturbed",,,,"2000-01-00 00:00:00","2000-01-00 00:00:00",
"58","Dope",,,,"2000-01-00 00:00:00","2000-01-00 00:00:00",
"59","Dramatic Andrew",,,,"2000-01-00 00:00:00","2000-01-00 00:00:00",
"60","Europe",,,,"2000-01-00 00:00:00","2000-01-00 00:00:00",
"61","Eurythmics",,,,"2000-01-00 00:00:00","2000-01-00 00:00:00",
"62","Evacuate Chicago",,,,"2000-01-00 00:00:00","2000-01-00 00:00:00",
"63","Evanescence",,,,"2000-01-00 00:00:00","2000-01-00 00:00:00",
"64","Everlast",,,,"2000-01-00 00:00:00","2000-01-00 00:00:00",
"65","Fade",,,,"2000-01-00 00:00:00","2000-01-00 00:00:00",
"66","The Family Ruin",,,,"2000-01-00 00:00:00","2000-01-00 00:00:00",
"67","Five Finger Death Punch",,,,"2000-01-00 00:00:00","2000-01-00 00:00:00",
"68","Flëur",,,,"2000-01-00 00:00:00","2000-01-00 00:00:00",
"69","Flёur",,,,"2000-01-00 00:00:00","2000-01-00 00:00:00",
"70","Foo Fighters",,,,"2000-01-00 00:00:00","2000-01-00 00:00:00",
"71","F.P.G.",,,,"2000-01-00 00:00:00","2021-09-18 15:06:37",
"72","the GazettE",,,,"2000-01-00 00:00:00","2000-01-00 00:00:00",
"73","Gazon",,,,"2000-01-00 00:00:00","2000-01-00 00:00:00",
"74","Guano Apes",,,,"2000-01-00 00:00:00","2000-01-00 00:00:00",
"75","Hail the Villain",,,,"2000-01-00 00:00:00","2000-01-00 00:00:00",
"76","Halestorm",,,,"2000-01-00 00:00:00","2000-01-00 00:00:00",
"77","HIM",,,,"2000-01-00 00:00:00","2000-01-00 00:00:00",
"78","Hinder",,,,"2000-01-00 00:00:00","2000-01-00 00:00:00",
"79","Hoobastank",,,,"2000-01-00 00:00:00","2000-01-00 00:00:00",
"80","Hypnogaja",,,,"2000-01-00 00:00:00","2000-01-00 00:00:00",
"81","I Hate Kate",,,,"2000-01-00 00:00:00","2000-01-00 00:00:00",
"82","I Will Never Be The Same",,,,"2000-01-00 00:00:00","2000-01-00 00:00:00",
"83","IcewindDale",,,,"2000-01-00 00:00:00","2000-01-00 00:00:00",
"84","Icon For Hire",,,,"2000-01-00 00:00:00","2000-01-00 00:00:00",
"85","I.F.K.",,,,"2000-01-00 00:00:00","2000-01-00 00:00:00",
"86","Ill Niño",,,,"2000-01-00 00:00:00","2000-01-00 00:00:00",
"87","Ishii Kouji",,,,"2000-01-00 00:00:00","2000-01-00 00:00:00",
"88","Ishome",,,,"2000-01-00 00:00:00","2000-01-00 00:00:00",
"89","James Brown",,,,"2000-01-00 00:00:00","2000-01-00 00:00:00",
"90","Jerry Lenin",,,,"2000-01-00 00:00:00","2000-01-00 00:00:00",
"91","Judas Priest",,,,"2000-01-00 00:00:00","2000-01-00 00:00:00",
"92","Justice",,,,"2000-01-00 00:00:00","2000-01-00 00:00:00",
"93","Kaiser Chiefs",,,,"2000-01-00 00:00:00","2000-01-00 00:00:00",
"94","Katatonia",,,,"2000-01-00 00:00:00","2000-01-00 00:00:00",
"95","Kiss",,,,"2000-01-00 00:00:00","2000-01-00 00:00:00",
"96","Korol i Shut",,,,"2000-01-00 00:00:00","2000-01-00 00:00:00",
"97","Kutless",,,,"2000-01-00 00:00:00","2000-01-00 00:00:00",
"98","KняZz",,,,"2000-01-00 00:00:00","2000-01-00 00:00:00",
"99","Lady's Man",,,,"2000-01-00 00:00:00","2000-01-00 00:00:00",
"100","Lama",,,,"2000-01-00 00:00:00","2000-01-00 00:00:00",
"101","Lenin Was A Zombie",,,,"2000-01-00 00:00:00","2000-01-00 00:00:00",
"102","Level 70 Elite Tauren Chieftain",,,,"2000-01-00 00:00:00","2000-01-00 00:00:00",
"103","Limp Bizkit",,,,"2000-01-00 00:00:00","2000-01-00 00:00:00",
"104","Linkin Park",,,,"2000-01-00 00:00:00","2000-01-00 00:00:00",
"105","LOLA",,,,"2000-01-00 00:00:00","2000-01-00 00:00:00",
"106","Lumen",,,,"2000-01-00 00:00:00","2000-01-00 00:00:00",
"107","Machinae Supremacy",,,,"2000-01-00 00:00:00","2000-01-00 00:00:00",
"108","Main Switch",,,,"2000-01-00 00:00:00","2000-01-00 00:00:00",
"109","Man The Mighty",,,,"2000-01-00 00:00:00","2000-01-00 00:00:00",
"110","Mantus",,,,"2000-01-00 00:00:00","2000-01-00 00:00:00",
"111","Mary Elizabeth McGlynn",,,,"2000-01-00 00:00:00","2000-01-00 00:00:00",
"112","Mechanical Poet",,,,"2000-01-00 00:00:00","2000-01-00 00:00:00",
"113","Megadeth",,,,"2000-01-00 00:00:00","2000-01-00 00:00:00",
"114","Methods of Mayhem",,,,"2000-01-00 00:00:00","2000-01-00 00:00:00",
"115","Mike Oldfield",,,,"2000-01-00 00:00:00","2000-01-00 00:00:00",
"116","Miracle Of Sound",,,,"2000-01-00 00:00:00","2000-01-00 00:00:00",
"117","Moonspell",,,,"2000-01-00 00:00:00","2000-01-00 00:00:00",
"118","Motor-Roller",,,,"2000-01-00 00:00:00","2000-01-00 00:00:00",
"119","Motörhead",,,,"2000-01-00 00:00:00","2000-01-00 00:00:00",
"120","Nazgul Band",,,,"2000-01-00 00:00:00","2000-01-00 00:00:00",
"121","Nickelback",,,,"2000-01-00 00:00:00","2000-01-00 00:00:00",
"122","Nightwish",,,,"2000-01-00 00:00:00","2000-01-00 00:00:00",
"123","No Doubt",,,,"2000-01-00 00:00:00","2000-01-00 00:00:00",
"124","Noize MC",,,,"2000-01-00 00:00:00","2000-01-00 00:00:00",
"125","The Offspring",,,,"2000-01-00 00:00:00","2000-01-00 00:00:00",
"126","Oomph!",,,,"2000-01-00 00:00:00","2000-01-00 00:00:00",
"127","Oxxxymiron",,," ","2000-01-00 00:00:00","2019-08-14 12:39:48",
"128","Paik",,,,"2000-01-00 00:00:00","2000-01-00 00:00:00",
"129","Pain",,,,"2000-01-00 00:00:00","2000-01-00 00:00:00",
"130","Panik",,,,"2000-01-00 00:00:00","2000-01-00 00:00:00",
"131","Papa Roach",,,,"2000-01-00 00:00:00","2000-01-00 00:00:00",
"132","Parasite OST",,,,"2000-01-00 00:00:00","2000-01-00 00:00:00",
"133","Pennywise",,,,"2000-01-00 00:00:00","2000-01-00 00:00:00",
"134","The Pierces",,,,"2000-01-00 00:00:00","2000-01-00 00:00:00",
"135","the pillows",,,,"2000-01-00 00:00:00","2000-01-00 00:00:00",
"136","The Plastiscines",,,,"2000-01-00 00:00:00","2000-01-00 00:00:00",
"137","Poets Of The Fall",,,,"2000-01-00 00:00:00","2000-01-00 00:00:00",
"138","Pornophonique",,,,"2000-01-00 00:00:00","2000-01-00 00:00:00",
"139","Powerman 5000",,,,"2000-01-00 00:00:00","2000-01-00 00:00:00",
"140","Powerwolf",,,,"2000-01-00 00:00:00","2000-01-00 00:00:00",
"141","The Pretty Reckless",,,,"2000-01-00 00:00:00","2000-01-00 00:00:00",
"142","The Prodigy",,,,"2000-01-00 00:00:00","2000-01-00 00:00:00",
"143","Psychostick",,,,"2000-01-00 00:00:00","2000-01-00 00:00:00",
"144","Radio ЧаЧа",,,,"2000-01-00 00:00:00","2000-01-00 00:00:00",
"145","Rammstein",,,,"2000-01-00 00:00:00","2000-01-00 00:00:00",
"146","Ramones",,,,"2000-01-00 00:00:00","2000-01-00 00:00:00",
"147","RasKar",,,,"2000-01-00 00:00:00","2000-01-00 00:00:00",
"148","The Raveonettes",,,,"2000-01-00 00:00:00","2000-01-00 00:00:00",
"149","Reamonn",,,,"2000-01-00 00:00:00","2000-01-00 00:00:00",
"150","Red Hot Chili Peppers",,,,"2000-01-00 00:00:00","2000-01-00 00:00:00",
"151","Relient K",,,,"2000-01-00 00:00:00","2000-01-00 00:00:00",
"152","Renegade Five",,,,"2000-01-00 00:00:00","2000-01-00 00:00:00",
"153","Rise Against",,,,"2000-01-00 00:00:00","2000-01-00 00:00:00",
"154","Rob Zombie",,,,"2000-01-00 00:00:00","2000-01-00 00:00:00",
"155","Royal Republic",,,,"2000-01-00 00:00:00","2000-01-00 00:00:00",
"156","Sabaton",,,,"2000-01-00 00:00:00","2000-01-00 00:00:00",
"157","Save",,,,"2000-01-00 00:00:00","2000-01-00 00:00:00",
"158","Scatman John",,,,"2000-01-00 00:00:00","2000-01-00 00:00:00",
"159","Seether",,,,"2000-01-00 00:00:00","2000-01-00 00:00:00",
"160","Shinedown",,,,"2000-01-00 00:00:00","2000-01-00 00:00:00",
"161","Silver Fins",,,,"2000-01-00 00:00:00","2000-01-00 00:00:00",
"162","Silversun Pickups",,,,"2000-01-00 00:00:00","2000-01-00 00:00:00",
"163","Slipknot",,,,"2000-01-00 00:00:00","2000-01-00 00:00:00",
"164","Slowburn",,,,"2000-01-00 00:00:00","2000-01-00 00:00:00",
"165","Dzetta",,,,"2021-09-18 13:25:06","2021-09-18 13:25:06",
"166","The Soft Pack",,,,"2000-01-00 00:00:00","2000-01-00 00:00:00",
"167","SOiL",,,,"2000-01-00 00:00:00","2000-01-00 00:00:00",
"168","Soilwork",,,,"2000-01-00 00:00:00","2000-01-00 00:00:00",
"169","Spineshank",,,,"2000-01-00 00:00:00","2000-01-00 00:00:00",
"170","Spun",,,,"2000-01-00 00:00:00","2000-01-00 00:00:00",
"171","Static Cycle",,,,"2000-01-00 00:00:00","2000-01-00 00:00:00",
"172","Static-X",,,,"2000-01-00 00:00:00","2000-01-00 00:00:00",
"173","Steel Panther",,,,"2000-01-00 00:00:00","2000-01-00 00:00:00",
"174","Steppenwolf",,,,"2000-01-00 00:00:00","2000-01-00 00:00:00",
"175","Stereophonics",,,,"2000-01-00 00:00:00","2000-01-00 00:00:00",
"176","Stereopony",,,,"2000-01-00 00:00:00","2000-01-00 00:00:00",
"177","Stone Sour",,,,"2000-01-00 00:00:00","2000-01-00 00:00:00",
"178","The Stooges",,,,"2000-01-00 00:00:00","2000-01-00 00:00:00",
"179","Vitamin String Quartet",,,,"2000-01-00 00:00:00","2020-03-28 10:29:24",
"180","Sunburst",,,,"2000-01-00 00:00:00","2000-01-00 00:00:00",
"181","Susan Boyle",,,,"2000-01-00 00:00:00","2000-01-00 00:00:00",
"182","Susumu Hirasawa",,,,"2000-01-00 00:00:00","2000-01-00 00:00:00",
"183","Switches",,,,"2000-01-00 00:00:00","2000-01-00 00:00:00",
"184","Sword Coast",,,,"2000-01-00 00:00:00","2000-01-00 00:00:00",
"185","Symfomania",,,,"2000-01-00 00:00:00","2000-01-00 00:00:00",
"186","System Of A Down",,,,"2000-01-00 00:00:00","2000-01-00 00:00:00",
"187","Taproot",,,,"2000-01-00 00:00:00","2000-01-00 00:00:00",
"188","Tears For Fears",,,,"2000-01-00 00:00:00","2000-01-00 00:00:00",
"189","Televizor",,,,"2000-01-00 00:00:00","2000-01-00 00:00:00",
"190","Theory of a Deadman",,,,"2000-01-00 00:00:00","2000-01-00 00:00:00",
"191","Thousand Foot Krutch",,,,"2000-01-00 00:00:00","2000-01-00 00:00:00",
"192","Three Days Grace",,,,"2000-01-00 00:00:00","2000-01-00 00:00:00",
"193","Tityo",,,,"2000-01-00 00:00:00","2000-01-00 00:00:00",
"194","Tracktor Bowling",,,,"2000-01-00 00:00:00","2000-01-00 00:00:00",
"195","Trapt",,,,"2000-01-00 00:00:00","2000-01-00 00:00:00",
"196","Underbiz",,,,"2000-01-00 00:00:00","2000-01-00 00:00:00",
"197","Unreal",,,,"2000-01-00 00:00:00","2000-01-00 00:00:00",
"198","The Used",,,,"2000-01-00 00:00:00","2000-01-00 00:00:00",
"199","Van Canto",,,,"2000-01-00 00:00:00","2000-01-00 00:00:00",
"200","Variance",,,,"2000-01-00 00:00:00","2000-01-00 00:00:00",
"201","Voicians",,,,"2000-01-00 00:00:00","2000-01-00 00:00:00",
"202","Volbeat",,,,"2000-01-00 00:00:00","2000-01-00 00:00:00",
"203","Within Temptation",,,,"2000-01-00 00:00:00","2000-01-00 00:00:00",
"204","The Wombats",,,,"2000-01-00 00:00:00","2000-01-00 00:00:00",
"205","The Mothers Of Invention",,,,"2021-12-01 09:20:19","2021-12-01 09:20:19",
"206","Xandria",,,,"2000-01-00 00:00:00","2000-01-00 00:00:00",
"207","Yellowcard",,,,"2000-01-00 00:00:00","2000-01-00 00:00:00",
"208","Yui",,,,"2000-01-00 00:00:00","2000-01-00 00:00:00",
"209","Zebrahead",,,,"2000-01-00 00:00:00","2000-01-00 00:00:00",
"210","Zeromancer",,,,"2000-01-00 00:00:00","2000-01-00 00:00:00",
"211","Абордаж",,,,"2000-01-00 00:00:00","2000-01-00 00:00:00",
"212","Аврил Лавин",,,,"2000-01-00 00:00:00","2000-01-00 00:00:00",
"213","АГАВА",,,,"2000-01-00 00:00:00","2000-01-00 00:00:00",
"214","Адель",,,,"2000-01-00 00:00:00","2000-01-00 00:00:00",
"215","Аквариум",,,,"2000-01-00 00:00:00","2000-01-00 00:00:00",
"216","Алиса",,,,"2000-01-00 00:00:00","2000-01-00 00:00:00",
"217","Алёна Винницкая",,,,"2000-01-00 00:00:00","2000-01-00 00:00:00",
"218","Андем",,,,"2000-01-00 00:00:00","2000-01-00 00:00:00",
"219","АнимациЯ",,,,"2000-01-00 00:00:00","2000-01-00 00:00:00",
"220","Арда",,,,"2000-01-00 00:00:00","2000-01-00 00:00:00",
"221","Ария",,,,"2000-01-00 00:00:00","2000-01-00 00:00:00",
"222","Арктида",,,,"2000-01-00 00:00:00","2000-01-00 00:00:00",
"223","Артерия",,,,"2000-01-00 00:00:00","2000-01-00 00:00:00",
"224","Би-2",,," ","2000-01-00 00:00:00","2019-04-26 15:56:16",
"225","Блондинка Ксю",,,,"2000-01-00 00:00:00","2000-01-00 00:00:00",
"226","Браво",,,,"2000-01-00 00:00:00","2000-01-00 00:00:00",
"227","Бригадный подряд",,,,"2000-01-00 00:00:00","2000-01-00 00:00:00",
"228","В отрыв!",,,,"2000-01-00 00:00:00","2000-01-00 00:00:00",
"229","Виконт",,,,"2000-01-00 00:00:00","2000-01-00 00:00:00",
"230","ВСЕ СТВОЛЫ",,,,"2000-01-00 00:00:00","2000-01-00 00:00:00",
"231","вы соглашаетесь",,,,"2000-01-00 00:00:00","2000-01-00 00:00:00",
"232","Год Змеи",,,,"2000-01-00 00:00:00","2000-01-00 00:00:00",
"233","ДДТ",,,,"2000-01-00 00:00:00","2000-01-00 00:00:00",
"234","Дельфины",,,,"2000-01-00 00:00:00","2000-01-00 00:00:00",
"235","Дом Ветров",,,,"2000-01-00 00:00:00","2000-01-00 00:00:00",
"236","Дом Кукол",,,,"2000-01-00 00:00:00","2000-01-00 00:00:00",
"237","Дёргать!",,,,"2000-01-00 00:00:00","2000-01-00 00:00:00",
"238","Женя Мильковский",,,,"2000-01-00 00:00:00","2000-01-00 00:00:00",
"239","Йорш",,,,"2000-01-00 00:00:00","2000-01-00 00:00:00",
"240","Калинов Мост",,,,"2000-01-00 00:00:00","2000-01-00 00:00:00",
"241","Канцлер Ги",,,,"2000-01-00 00:00:00","2000-01-00 00:00:00",
"242","Кевин Рудольф",,,,"2000-01-00 00:00:00","2000-01-00 00:00:00",
"243","Киборг",,,,"2000-01-00 00:00:00","2000-01-00 00:00:00",
"244","Кипелов",,,,"2000-01-00 00:00:00","2000-01-00 00:00:00",
"245","Кирпичи",,,,"2000-01-00 00:00:00","2000-01-00 00:00:00",
"246","КняZz",,,,"2000-01-00 00:00:00","2000-01-00 00:00:00",
"247","Колизей",,,,"2000-01-00 00:00:00","2000-01-00 00:00:00",
"248","КОМАНДА БАГ",,,,"2000-01-00 00:00:00","2000-01-00 00:00:00",
"249","Константин Ступин",,,,"2000-01-00 00:00:00","2000-01-00 00:00:00",
"250","Король и Шут",,,,"2000-01-00 00:00:00","2000-01-00 00:00:00",
"251","Кошка Сашка",,,,"2000-01-00 00:00:00","2000-01-00 00:00:00",
"252","Кошки Jam",,,,"2000-01-00 00:00:00","2000-01-00 00:00:00",
"253","Кошки Jam & 23",,,,"2000-01-00 00:00:00","2000-01-00 00:00:00",
"254","Крупский Сотоварищи",,,,"2000-01-00 00:00:00","2000-01-00 00:00:00",
"255","Ласковые усы",,,,"2000-01-00 00:00:00","2000-01-00 00:00:00",
"256","Ляпис Трубецкой",,,,"2000-01-00 00:00:00","2000-01-00 00:00:00",
"257","Марки",,,,"2000-01-00 00:00:00","2000-01-00 00:00:00",
"258","Маски?Долой!",,,,"2000-01-00 00:00:00","2000-01-00 00:00:00",
"259","Мельница",,,,"2000-01-00 00:00:00","2000-01-00 00:00:00",
"260","Мотор'Ролла",,,,"2000-01-00 00:00:00","2000-01-00 00:00:00",
"261","МПТРИ",,,,"2000-01-00 00:00:00","2000-01-00 00:00:00",
"262","МЭD DОГ",,,,"2000-01-00 00:00:00","2000-01-00 00:00:00",
"263","Наив",,,,"2000-01-00 00:00:00","2000-01-00 00:00:00",
"264","Наутилус Помпилиус",,,,"2000-01-00 00:00:00","2000-01-00 00:00:00",
"265","Невидь",,,,"2000-01-00 00:00:00","2000-01-00 00:00:00",
"266","Нервы",,,,"2000-01-00 00:00:00","2000-01-00 00:00:00",
"267","Ногу свело!",,,,"2000-01-00 00:00:00","2000-01-00 00:00:00",
"268","Обе две",,,,"2000-01-00 00:00:00","2000-01-00 00:00:00",
"269","Ого-п-ого",,,,"2000-01-00 00:00:00","2000-01-00 00:00:00",
"270","Ольви",,,,"2000-01-00 00:00:00","2000-01-00 00:00:00",
"271","Оля и Монстр",,,,"2000-01-00 00:00:00","2000-01-00 00:00:00",
"272","Операция Пластилин",,,,"2000-01-00 00:00:00","2000-01-00 00:00:00",
"273","Петров",,,,"2000-01-00 00:00:00","2000-01-00 00:00:00",
"274","Пикник",,,,"2000-01-00 00:00:00","2000-01-00 00:00:00",
"275","Пикник и Секта Мо",,,,"2000-01-00 00:00:00","2000-01-00 00:00:00",
"276","Пилот",,,,"2000-01-00 00:00:00","2000-01-00 00:00:00",
"277","Пляж",,,,"2000-01-00 00:00:00","2000-01-00 00:00:00",
"278","ПОРТ(812)",,,,"2000-01-00 00:00:00","2000-01-00 00:00:00",
"279","Пророчество Вёльвы",,,,"2000-01-00 00:00:00","2000-01-00 00:00:00",
"280","Пыльца ",,,,"2000-01-00 00:00:00","2000-01-00 00:00:00",
"281","Ругер",,,,"2000-01-00 00:00:00","2000-01-00 00:00:00",
"282","Светотень",,,,"2000-01-00 00:00:00","2000-01-00 00:00:00",
"283","Северный Флот",,,"&laquo;Северный Флот&raquo;&nbsp;&mdash; российская рок-группа. Основана музыкантами группы &laquo;Король и Шут&raquo; в 2013 году после смерти Михаила Горшенёва.","2000-01-00 00:00:00","2019-06-17 15:02:11",
"284","Северо-Восток",,,,"2000-01-00 00:00:00","2000-01-00 00:00:00",
"285","Серж Танкян",,,,"2000-01-00 00:00:00","2000-01-00 00:00:00",
"286","Скворцы Степанова",,,,"2000-01-00 00:00:00","2000-01-00 00:00:00",
"287","СЛОТ",,,,"2000-01-00 00:00:00","2000-01-00 00:00:00",
"288","Сплин",,,,"2000-01-00 00:00:00","2000-01-00 00:00:00",
"289","Станционный Смотритель",,,,"2000-01-00 00:00:00","2000-01-00 00:00:00",
"290","Стороны РА",,,,"2000-01-00 00:00:00","2000-01-00 00:00:00",
"291","Т-34",,,,"2000-01-00 00:00:00","2000-01-00 00:00:00",
"292","Тараканы!",,,,"2000-01-00 00:00:00","2000-01-00 00:00:00",
"293","Тени Свободы",,,,"2000-01-00 00:00:00","2000-01-00 00:00:00",
"294","Теория Света",,,,"2000-01-00 00:00:00","2000-01-00 00:00:00",
"295","Теренс Трент Д'Арби",,,,"2000-01-00 00:00:00","2000-01-00 00:00:00",
"296","ТонкаяКраснаяНить",,,,"2000-01-00 00:00:00","2000-01-00 00:00:00",
"297","Третий Рим",,,,"2000-01-00 00:00:00","2000-01-00 00:00:00",
"298","Три 15",,,,"2000-01-00 00:00:00","2000-01-00 00:00:00",
"299","Тролль гнёт ель",,,,"2000-01-00 00:00:00","2000-01-00 00:00:00",
"300","Тэм Гринхилл",,,,"2000-01-00 00:00:00","2000-01-00 00:00:00",
"301","Тэм и Йовин",,,,"2000-01-00 00:00:00","2000-01-00 00:00:00",
"302","Фиги",,,,"2000-01-00 00:00:00","2000-01-00 00:00:00",
"303","Флип ",,,,"2000-01-00 00:00:00","2000-01-00 00:00:00",
"304","Хелависа",,,,"2000-01-00 00:00:00","2000-01-00 00:00:00",
"305","Химера",,,,"2000-01-00 00:00:00","2000-01-00 00:00:00",
"306","Чёрный Обелиск",,,,"2000-01-00 00:00:00","2000-01-00 00:00:00",
"307","Шмели",,,,"2000-01-00 00:00:00","2000-01-00 00:00:00",
"308","Элизиум",,,,"2000-01-00 00:00:00","2000-01-00 00:00:00",
"309","Эпидемия",,,,"2000-01-00 00:00:00","2000-01-00 00:00:00",
"310","Эпоха",,,,"2000-01-00 00:00:00","2000-01-00 00:00:00",
"311","ЯБолен",,,,"2000-01-00 00:00:00","2000-01-00 00:00:00",
"312","Aalto",,,"Alternative Rock","2000-01-00 00:00:00","2000-01-00 00:00:00","FI"
"313","Abstract Algebra",,,"Doom Metal.
Project of Candlemass bass player Leif Edling","2000-01-00 00:00:00","2000-01-00 00:00:00","SE"
"314","AC/DC",,,"Classic Rock band","2000-01-00 00:00:00","2000-01-00 00:00:00","AU"
"315","Ain Soph",,,"Darkwave","2000-01-00 00:00:00","2000-01-00 00:00:00","IT"
"316","Ákos Kovács",,,"Alternatice Rock. Singer/songwriter from Budapest","2000-01-00 00:00:00","2000-01-00 00:00:00","HU"
"317","Akron",,,"Prog","2000-01-00 00:00:00","2000-01-00 00:00:00","IT"
"318","Al Di Meola",,,"Prog/Jazz-fusion guitarist. An acclaimed American jazz fusion and Latin jazz guitarist, composer, and record producer of Italian origin","2000-01-00 00:00:00","2000-01-00 00:00:00","US"
"319","The Alan Parsons Project",,,"Classic Rock band with Alan Parsons","2000-01-00 00:00:00","2000-01-00 00:00:00","UK"
"320","Algarnas Tradgard",,,"Prog. Psychedelic/Space Rock / Progressive Rock artist from Sweden","2000-01-00 00:00:00","2000-01-00 00:00:00","SE"
"321","Alusa Fallax",,,"Prog","2000-01-00 00:00:00","2000-01-00 00:00:00","IT"
"322","Alvin Lee",,,"Classic Rock guitarist and singer from TYA","2000-01-00 00:00:00","2000-01-00 00:00:00","UK"
"323","Ambrosia",,,"Classic Rock band","2000-01-00 00:00:00","2000-01-00 00:00:00","US"
"324","Ame Son",,,"Prog","2000-01-00 00:00:00","2000-01-00 00:00:00","FR"
"325","America",,,"Classic Rock band","2000-01-00 00:00:00","2000-01-00 00:00:00","US"
"326","Amon Düül",,,"Prog. Kraut Rock band","2000-01-00 00:00:00","2000-01-00 00:00:00","DE"
"327","Amon Düül II",,,"Prog. Kraut Rock band","2000-01-00 00:00:00","2000-01-00 00:00:00","DE"
"328","Amon Düül UK",,,"Prog","2000-01-00 00:00:00","2000-01-00 00:00:00","UK"
"329","Andrew Lloyd Webber",,,"Prog","2000-01-00 00:00:00","2000-01-00 00:00:00","UK"
"330","Ange",,,"Prog","2000-01-00 00:00:00","2000-01-00 00:00:00","FR"
"331","Änglagård",,,"Prog. Swedish progressive rock band, with influences including Cathedral, King Crimson, Genesis, Trettioåriga Kriget, Schicke Führs Fröhling","2000-01-00 00:00:00","2000-01-00 00:00:00","SE"
"332","Annie Haslam",,,"Prog singer from Reneissance","2000-01-00 00:00:00","2000-01-00 00:00:00","UK"
"333","Area",,,"Prog","2000-01-00 00:00:00","2000-01-00 00:00:00","IT"
"334","Argent",,,"Prog","2000-01-00 00:00:00","2000-01-00 00:00:00","UK"
"335","Art Bears",,,"Prog. RIO/Avant-Prog / Progressive Rock","2000-01-00 00:00:00","2000-01-00 00:00:00","UK"
"336","Asia",,,"Classic Rock band","2000-01-00 00:00:00","2000-01-00 00:00:00","UK"
"337","Asia Minor",,,"Prog","2000-01-00 00:00:00","2000-01-00 00:00:00","TU"
"338","Ash Ra Tempel",,,"Prog. Kraut","2000-01-00 00:00:00","2000-01-00 00:00:00","DE"
"339","Atlantis",,,"Classic Rock band with Inga Rumpf","2000-01-00 00:00:00","2000-01-00 00:00:00","DE"
"340","Atomic Rooster",,,"Prog","2000-01-00 00:00:00","2000-01-00 00:00:00","UK"
"341","Audience",,,"Prog","2000-01-00 00:00:00","2000-01-00 00:00:00","UK"
"342","Aviolinee Utopia",,,"Jazz Rock/Fusion / Progressive Rock","2000-01-00 00:00:00","2000-01-00 00:00:00","IT"
"343","Ayreon",,,"Prog Metal","2000-01-00 00:00:00","2000-01-00 00:00:00","NL"
"344","Bad Company",,,"Classic Rock band with Paul Rogers from Free","2000-01-00 00:00:00","2000-01-00 00:00:00","UK"
"345","Banco del Mutuo Soccorso",,,"Prog. Symphonic","2000-01-00 00:00:00","2000-01-00 00:00:00","IT"
"346","Barclay James Harvest",,,"Prog","2000-01-00 00:00:00","2000-01-00 00:00:00","UK"
"347","Beggars Opera",,,"Prog. Progressive rock band from Glasgow, Scotland, formed in Glasgow in 1969 by guitarist Ricky Gardiner","2000-01-00 00:00:00","2000-01-00 00:00:00","UK"
"348","Berluc",,,"Classic Rock band","2000-01-00 00:00:00","2000-01-00 00:00:00","DE"
"349","Blackfoot",,,"Classic Rock band with Ken Hensley","2000-01-00 00:00:00","2000-01-00 00:00:00","US"
"350","Black Sabbath",,,"Classic Rock band","2000-01-00 00:00:00","2000-01-00 00:00:00","UK"
"351","Blackmore's Night",,,"Middle Age, Folk","2000-01-00 00:00:00","2000-01-00 00:00:00","UK"
"352","Brainticket",,,"Prog. Psychedelic","2000-01-00 00:00:00","2000-01-00 00:00:00","CH"
"353","Bruce Cameron",,,"Classic Rock guitarist who managed to attract a number of famous rock-and-roll musicians to record his 1999 debut and only album, Midnight Daydream, released by Brain Cell Records (North Carolina).","2000-01-00 00:00:00","2000-01-00 00:00:00","US"
"354","Bubu",,,"Prog","2000-01-00 00:00:00","2000-01-00 00:00:00","AG"
"355","Burnin' Red Ivanhoe",,,"Jazz Rock/Fusion / Progressive Rock artist from Denmark","2000-01-00 00:00:00","2000-01-00 00:00:00","DK"
"356","The Byrds",,,"Classic Rock","2000-01-00 00:00:00","2000-01-00 00:00:00","UK"
"357","Cactus",,,"Classic Rock band","2000-01-00 00:00:00","2000-01-00 00:00:00","US"
"358","Camel",,,"Prog","2000-01-00 00:00:00","2000-01-00 00:00:00","UK"
"359","Can",,,"Prog. Kraut","2000-01-00 00:00:00","2000-01-00 00:00:00","DE"
"360","Candlemass",,,"Doom Metal","2000-01-00 00:00:00","2000-01-00 00:00:00","SE"
"361","Captain Ilor",,,"Kraut Prog","2000-01-00 00:00:00","2000-01-00 00:00:00","DE"
"362","Caravan",,,"Prog","2000-01-00 00:00:00","2000-01-00 00:00:00","UK"
"363","CCCP Fedeli Alla Linea",,,"Alternative. Punk Rock","2000-01-00 00:00:00","2000-01-00 00:00:00","IT"
"364","Celeste",,,"Prog","2000-01-00 00:00:00","2000-01-00 00:00:00","IT"
"365","Celtic Frost",,,"Thrash Metal","2000-01-00 00:00:00","2000-01-00 00:00:00","CH"
"366","Cheap Trick",,,"Classic Rock","2000-01-00 00:00:00","2000-01-00 00:00:00","US"
"367","Chicago",,,"Prog. Jazz-rock","2000-01-00 00:00:00","2000-01-00 00:00:00","US"
"368","Judge Smith",,,"Prog","2000-01-00 00:00:00","2000-01-00 00:00:00","UK"
"369","Circus 2000",,,"Prog","2000-01-00 00:00:00","2000-01-00 00:00:00","IT"
"370","City Preachers",,,"Classic Rock band with Inga Rumpf","2000-01-00 00:00:00","2000-01-00 00:00:00","DE"
"371","Clear Blue Sky",,,"Classic Rock band","2000-01-00 00:00:00","2000-01-00 00:00:00","UK"
"372","Cluster",,,"Prog. Kraut","2000-01-00 00:00:00","2000-01-00 00:00:00","DE"
"373","Cockney Rebel",,,"Prog","2000-01-00 00:00:00","2000-01-00 00:00:00","UK"
"374","Colosseum",,,"Prog","2000-01-00 00:00:00","2000-01-00 00:00:00","UK"
"375","Comus",,,"Prog. Folk from United Kingdom.","2000-01-00 00:00:00","2000-01-00 00:00:00","UK"
"376","Coroner",,,"Thrash Metal","2000-01-00 00:00:00","2000-01-00 00:00:00","CH"
"377","Coupla Prog",,,"Krautrock / Progressive Rock artist from Germany","2000-01-00 00:00:00","2000-01-00 00:00:00","DE"
"378","Cream",,,"Classic Rock","2000-01-00 00:00:00","2000-01-00 00:00:00","UK"
"379","Cressida",,,"Prog. Symphonic. 
British progressive rock band, best known for their mellow, symphonic sound.","2000-01-00 00:00:00","2000-01-00 00:00:00","UK"
"380","CSI",,,"Alternative Rock. Punk Rock. Connected to CCCP","2000-01-00 00:00:00","2000-01-00 00:00:00","IT"
"381","Curved Air",,,"Prog. Folk with violin","2000-01-00 00:00:00","2000-01-00 00:00:00","UK"
"382","Daevid Allen",,,"Prog musician from Gong","2000-01-00 00:00:00","2000-01-00 00:00:00","UK"
"383","Dave Greenslade",,,"Prog keyboard playe from Colosseum","2000-01-00 00:00:00","2000-01-00 00:00:00","UK"
"384","David Byron",,,"Classic Rock singer from Uriah Heep. Connected to Uriah Heep.","2000-01-00 00:00:00","2000-01-00 00:00:00","UK"
"385","David Jackson & PH",,,"Prog","2000-01-00 00:00:00","2000-01-00 00:00:00","UK"
"386","David Surkamp",,,"Classic Rock singer from Pavlov's Dog. Connected to Pavlov's Dog","2000-01-00 00:00:00","2000-01-00 00:00:00","US"
"387","David Sylvian & Holger Czukay",,,"Prog","2000-01-00 00:00:00","2000-01-00 00:00:00","UK"
"388","David Sylvian & Robert Fripp",,,"Prog","2000-01-00 00:00:00","2000-01-00 00:00:00","UK"
"389","Debris`",,,"Alternative Rock. Proto-punk","2000-01-00 00:00:00","2000-01-00 00:00:00","US"
"390","Deep Purple",,,"Classic Rock band","2000-01-00 00:00:00","2000-01-00 00:00:00","UK"
"391","Demonica",,,"Black metal","2000-01-00 00:00:00","2000-01-00 00:00:00","DK"
"392","Destruction",,,"Thrash Metal","2000-01-00 00:00:00","2000-01-00 00:00:00","DE"
"393","Doctor Dopo Jam",,,"Prog","2000-01-00 00:00:00","2000-01-00 00:00:00","DK"
"394","Dun",,,"Prog. Zeuhl","2000-01-00 00:00:00","2000-01-00 00:00:00","FR"
"395","Earth & Fire",,,"Prog","2000-01-00 00:00:00","2000-01-00 00:00:00","NL"
"396","Eiliff",,,"Prog","2000-01-00 00:00:00","2000-01-00 00:00:00","DE"
"397","Electric Frankenstein",,,"Prog","2000-01-00 00:00:00","2000-01-00 00:00:00","IT"
"398","Electric Wizard",,,"Doom Stoner Metal band","2000-01-00 00:00:00","2000-01-00 00:00:00","UK"
"399","Electric Wizard and Orange Goblin",,,"Doom Stoner Metal band","2000-01-00 00:00:00","2000-01-00 00:00:00","UK"
"400","Eloy",,,"Prog. Space","2000-01-00 00:00:00","2000-01-00 00:00:00","DE"
"401","ELP",,,"Prog. Symphonic","2000-01-00 00:00:00","2000-01-00 00:00:00","UK"
"402","Elvenking",,,"Power Folk Metal band","2000-01-00 00:00:00","2000-01-00 00:00:00","IT"
"403","Embryo",,,"Prog. Kraut","2000-01-00 00:00:00","2000-01-00 00:00:00","DE"
"404","Embryo & No-neck Blues Band",,,"Prog. Avant-garde","2000-01-00 00:00:00","2000-01-00 00:00:00","DE"
"405","Emtidi",,,"Prog","2000-01-00 00:00:00","2000-01-00 00:00:00","DE"
"406","Epica",,,"Symphonic Metal","2000-01-00 00:00:00","2000-01-00 00:00:00","NL"
"407","Eric Woolfson",,,"Classic Rock musician from The Alan Parsons Project. Connected to APP","2000-01-00 00:00:00","2000-01-00 00:00:00","UK"
"408","Eskaton",,,"Prog. Zeuhl","2000-01-00 00:00:00","2000-01-00 00:00:00","FR"
"409","Eugenio Finardi",,,"Prog. Italian singer, songwriter, guitarist and keyboardist","2000-01-00 00:00:00","2000-01-00 00:00:00","IT"
"410","Expulsion",,,"Doom Gothic Metal. Spin-off from Tiamat","2000-01-00 00:00:00","2000-01-00 00:00:00","SE"
"411","Family",,,"Classic Rock band","2000-01-00 00:00:00","2000-01-00 00:00:00","UK"
"412","Faust",,,"Prog. Kraut","2000-01-00 00:00:00","2000-01-00 00:00:00","DE"
"413","Fight",,,"Power Metal band with Rob Halford","2000-01-00 00:00:00","2000-01-00 00:00:00","UK"
"414","Fireballet",,,"Prog","2000-01-00 00:00:00","2000-01-00 00:00:00","US"
"415","Flaming Bess",,,"Prog","2000-01-00 00:00:00","2000-01-00 00:00:00","DE"
"416","Fleetwood Mac",,,"Classic Rock","2000-01-00 00:00:00","2000-01-00 00:00:00","UK"
"417","Flint",,,"Classic Rock. Spin-off from Grand Funk","2000-01-00 00:00:00","2000-01-00 00:00:00","US"
"418","Focus",,,"Prog. Symphonic","2000-01-00 00:00:00","2000-01-00 00:00:00","NL"
"419","Fratres",,,"Classic Rock. Cover versions","2000-01-00 00:00:00","2000-01-00 00:00:00","FI"
"420","Free",,,"Classic Rock band","2000-01-00 00:00:00","2000-01-00 00:00:00","UK"
"421","Frumpy",,,"Classic Rock","2000-01-00 00:00:00","2000-01-00 00:00:00","DE"
"422","Fruup",,,"Prog","2000-01-00 00:00:00","2000-01-00 00:00:00","UK"
"423","Furekåben",,,"Prog. Psychedelic","2000-01-00 00:00:00","2000-01-00 00:00:00","DK"
"424","Gamma Ray",,,"Power","2000-01-00 00:00:00","2000-01-00 00:00:00","DE"
"425","Genesis",,,"Prog","2000-01-00 00:00:00","2000-01-00 00:00:00","UK"
"426","Gentle Giant",,,"Prog. Symphonic","2000-01-00 00:00:00","2000-01-00 00:00:00","UK"
"427","German Oak",,,"Prog","2000-01-00 00:00:00","2000-01-00 00:00:00","DE"
"428","Glass Prism",,,"Classic Rock","2000-01-00 00:00:00","2000-01-00 00:00:00","US"
"429","Glenn Hughes",,,"English rock bassist and vocalist","2000-01-00 00:00:00","2000-01-00 00:00:00","UK"
"430","Goblin",,,"Prog","2000-01-00 00:00:00","2000-01-00 00:00:00","IT"
"431","Golden Earrings",,,"Classic Rock. Connected to Golden Earring","2000-01-00 00:00:00","2000-01-00 00:00:00","NL"
"432","Golden Earring",,,"Classic Rock","2000-01-00 00:00:00","2000-01-00 00:00:00","NL"
"433","Gong",,,"Prog","2000-01-00 00:00:00","2000-01-00 00:00:00","UK"
"434","Gracious",,,"Prog","2000-01-00 00:00:00","2000-01-00 00:00:00","UK"
"435","Grand Funk Railroad",,,"Classic Rock","2000-01-00 00:00:00","2000-01-00 00:00:00","US"
"436","Grand Funk",,,"Classic Rock. Connected to Grand Funk Railroad","2000-01-00 00:00:00","2000-01-00 00:00:00","US"
"437","Grave Digger",,,"Heavy Metal","2000-01-00 00:00:00","2000-01-00 00:00:00","DE"
"438","Gravy Train",,,"Prog","2000-01-00 00:00:00","2000-01-00 00:00:00","UK"
"439","Green Bullfrog",,,"Classic Rock band with Ian Paice and Ritchie Blackmore","2000-01-00 00:00:00","2000-01-00 00:00:00","UK"
"440","Grobschnitt",,,"Prog. Kraut","2000-01-00 00:00:00","2000-01-00 00:00:00","DE"
"441","Gryphon",,,"Prog. Symphonic","2000-01-00 00:00:00","2000-01-00 00:00:00","UK"
"442","Gualberto",,,"Prog. Folk","2000-01-00 00:00:00","2000-01-00 00:00:00","ES"
"443","Guru Guru",,,"Classic Rock. Kraut","2000-01-00 00:00:00","2000-01-00 00:00:00","DE"
"444","H.P. Lovecraft",,,"Prog. Psychedelic","2000-01-00 00:00:00","2000-01-00 00:00:00","US"
"445","Haggard",,,"Symphonic Metal","2000-01-00 00:00:00","2000-01-00 00:00:00","DE"
"446","Haikara",,,"Prog","2000-01-00 00:00:00","2000-01-00 00:00:00","FI"
"447","Halford",,,"Heavy Metal band with Rob Halford of Judas Priest","2000-01-00 00:00:00","2000-01-00 00:00:00","UK"
"448","HammerFall",,,"Power Metal","2000-01-00 00:00:00","2000-01-00 00:00:00","SE"
"449","Happy the Man",,,"Prog","2000-01-00 00:00:00","2000-01-00 00:00:00","US"
"450","Harmonium",,,"Prog","2000-01-00 00:00:00","2000-01-00 00:00:00","CA"
"451","Hawkwind",,,"Prog. Space","2000-01-00 00:00:00","2000-01-00 00:00:00","UK"
"452","Head Machine",,,"Heavy Metal","2000-01-00 00:00:00","2000-01-00 00:00:00","US"
"453","Heaven and Hell",,,"Heavy Metal band. Black Sabbath + Dio","2000-01-00 00:00:00","2000-01-00 00:00:00","UK"
"454","Helloween",,,"Power Metal","2000-01-00 00:00:00","2000-01-00 00:00:00","DE"
"455","High Tide",,,"Prog. Folk/Psychodelic","2000-01-00 00:00:00","2000-01-00 00:00:00","UK"
"456","Holger Czukay",,,"Prog","2000-01-00 00:00:00","2000-01-00 00:00:00","DE"
"457","Holger Czukay and U-She",,,"Prog","2000-01-00 00:00:00","2000-01-00 00:00:00","DE"
"458","Honeydrippers",,,"Classic Rock band with Rober Plant of Led Zeppelin","2000-01-00 00:00:00","2000-01-00 00:00:00","UK"
"459","Ian Gillan",,,"Classic Rock","2000-01-00 00:00:00","2000-01-00 00:00:00","UK"
"460","Iced Earth",,,"Heavy/Power Metal","2000-01-00 00:00:00","2000-01-00 00:00:00","US"
"461","Il Balletto di Bronzo",,,"Prog","2000-01-00 00:00:00","2000-01-00 00:00:00","IT"
"462","Il Sistema",,,"Prog","2000-01-00 00:00:00","2000-01-00 00:00:00","IT"
"463","Illusion",,,"Prog. Symphonic. Connected to Renaissance","2000-01-00 00:00:00","2000-01-00 00:00:00","UK"
"464","Illwill",,,"Black Metal. Swedish supergroup which consisted of Andy LaRocque, Snowy Shaw, Sharlee D'Angelo & Yonas af Dahlstrøm","2000-01-00 00:00:00","2000-01-00 00:00:00","SE"
"465","In Extremo",,,"Symphonic Folk Metal","2000-01-00 00:00:00","2000-01-00 00:00:00","DE"
"466","Inga Rumpf",,,"Classic Rock singer from Frumpy","2000-01-00 00:00:00","2000-01-00 00:00:00","DE"
"467","Irmin Schmidt",,,"Prog keyboardist and composer from Can","2000-01-00 00:00:00","2000-01-00 00:00:00","DE"
"468","Jethro Tull",,,"Classic Rock + Folk","2000-01-00 00:00:00","2000-01-00 00:00:00","UK"
"469","Jimi Hendrix Experience",,,"Classic Rock. Connected to Jimi Hendrix","2000-01-00 00:00:00","2000-01-00 00:00:00","US"
"470","Jimi Hendrix",,,"Classic Rock","2000-01-00 00:00:00","2000-01-00 00:00:00","US"
"471","Jonesy",,,"Prog. Heavy","2000-01-00 00:00:00","2000-01-00 00:00:00","UK"
"472","Jud`s Gallery",,,"Prog. Kraut","2000-01-00 00:00:00","2000-01-00 00:00:00","DE"
"473","Judas Priest",,,"Heavy Metal","2000-01-00 00:00:00","2000-01-00 00:00:00","UK"
"474","Kalevala",,,"Prog","2000-01-00 00:00:00","2000-01-00 00:00:00","FI"
"475","Kansas",,,"Prog","2000-01-00 00:00:00","2000-01-00 00:00:00","UK"
"476","Karat",,,"Classic Rock","2000-01-00 00:00:00","2000-01-00 00:00:00","DE"
"477","Karmakanic",,,"Prog. Symphonic","2000-01-00 00:00:00","2000-01-00 00:00:00","SE"
"478","Kayak",,,"Prog","2000-01-00 00:00:00","2000-01-00 00:00:00","NL"
"479","Ken Hensley",,,"Classic Rock keyboardist and singer/songwriter","2000-01-00 00:00:00","2000-01-00 00:00:00","UK"
"480","Ken Hensley & John Wetton",,,"Classic Rock. Connected  to Ken Hensley","2000-01-00 00:00:00","2000-01-00 00:00:00","UK"
"481","Ken Hensley & Live Fire",,,"Classic Rock. Connected to Ken Hensley","2000-01-00 00:00:00","2000-01-00 00:00:00","UK"
"482","King Crimson",,,"Prog","2000-01-00 00:00:00","2000-01-00 00:00:00","UK"
"483","King Diamond",,,"Thrash Metal + Black Metal + Heavy Metal","2000-01-00 00:00:00","2000-01-00 00:00:00","DK"
"484","King Diamond & Black Rose",,,"Thrash Metal + Black Metal + Heavy Metal","2000-01-00 00:00:00","2000-01-00 00:00:00","DK"
"485","Kingdom Come",,,"Classic Rock","2000-01-00 00:00:00","2000-01-00 00:00:00","DE"
"486","Kosmos",,,"Prog experiment from Michel Langevin of Voivod","2000-01-00 00:00:00","2000-01-00 00:00:00","CA"
"487","Kraan",,,"Prog. Kraut","2000-01-00 00:00:00","2000-01-00 00:00:00","DE"
"488","Krokus",,,"Classic Rock + Heavy Metal","2000-01-00 00:00:00","2000-01-00 00:00:00","CH"
"489","Kultivator",,,"Prog. Zeuhl","2000-01-00 00:00:00","2000-01-00 00:00:00","NO"
"490","Lars Hollmer",,,"Prog musician from Samla Mammas Manna","2000-01-00 00:00:00","2000-01-00 00:00:00","SE"
"491","Lars Hollmer Looping Home Orchestra",,,"Prog. Connected to Lars Holmer","2000-01-00 00:00:00","2000-01-00 00:00:00","SE"
"492","Le Orme",,,"Prog","2000-01-00 00:00:00","2000-01-00 00:00:00","IT"
"493","Led Zeppelin",,,"Classic Rock","2000-01-00 00:00:00","2000-01-00 00:00:00","UK"
"494","Lenny Wolf",,,"Classic Rock singer from Kingdom Come","2000-01-00 00:00:00","2000-01-00 00:00:00","DE"
"495","Lift",,,"Classic Rock","2000-01-00 00:00:00","2000-01-00 00:00:00","DE"
"496","Locomotiv GT",,,"Classic Rock","2000-01-00 00:00:00","2000-01-00 00:00:00","HU"
"497","Lothlorien",,,"Prog. Symphonic","2000-01-00 00:00:00","2000-01-00 00:00:00","IT"
"498","Lucifer`s Friend",,,"Prog. Lucifer's Friend was a 1970s German Rock band. Allmusic author, Eduardo Rivadavia, noted the group as, early practitioners of heavy metal and progressive rock. With UH's singer John Lawton;2
190;Lucyfire;SE;Doom Gothic Metal. Spin-off from Tiamat;11
191;Magma;FR;Prog. Zeuhl;23
192;Mago de Oz;ES;Symphonic Metal;7
193;Mahavishnu Orchestra;US;Jazz Rock/Fusion / Progressive Rock artist from Multi-National;17
194;Malibran;IT;Symphonic Metal;7
195;Manfred Mann's Earth Band;UK;Classic Rock;1
196;Marco Antonio Araujo;BR;Prog artist from Brazil. Folk / Progressive Rock;2
197;Marillion;UK;Prog;2
198;Mark Farner;US;Classic Rock singer from Grand Funk;1
199;Mekong Delta;DE;Progressive Metal + Thrash;8
200;Memento Mori;SE;Doom Metal;11
201;Memoriance;FR;Prog. Symph. MEMORIANCE is a unique sounding French symphonic progressive band from the 1970s who released 2 albums and a 7 single.","2000-01-00 00:00:00","2000-01-00 00:00:00","DE"
"499","Mercyful Fate",,,"Thrash Metal + Black Metal + Heavy Metal","2000-01-00 00:00:00","2000-01-00 00:00:00","DK"
"500","Metalium",,,"Power. Metalium was a power metal band from Hamburg, Germany.","2000-01-00 00:00:00","2000-01-00 00:00:00","DE"
"501","Michael Karoli & Polly Eltes",,,"Prog. Project by Michael Karoli - guitatist from Can","2000-01-00 00:00:00","2000-01-00 00:00:00","DE"
"502","Moby Dick",,,"Thrash Metal","2000-01-00 00:00:00","2000-01-00 00:00:00","HU"
"503","Mo.Do.",,,"Prog","2000-01-00 00:00:00","2000-01-00 00:00:00","IT"
"504","Mosaic",,,"Prog. RIO/Avant-Prog","2000-01-00 00:00:00","2000-01-00 00:00:00","FR"
"505","Mostly Autumn",,,"Progressive Metal + Folk","2000-01-00 00:00:00","2000-01-00 00:00:00","UK"
"506","Motörhead",,,"Heavy Metal","2000-01-00 00:00:00","2000-01-00 00:00:00","UK"
"507","My Solid Ground",,,"Prog. Kraut","2000-01-00 00:00:00","2000-01-00 00:00:00","DE"
"508","Nazareth",,,"Classic Rock","2000-01-00 00:00:00","2000-01-00 00:00:00","UK"
"509","Neu!",,,"Prog. Kraut","2000-01-00 00:00:00","2000-01-00 00:00:00","DE"
"510","Nic Potter",,,"Prog musician from Van der Graaf","2000-01-00 00:00:00","2000-01-00 00:00:00","UK"
"511","Nightwish",,,"Symphonic Metal","2000-01-00 00:00:00","2000-01-00 00:00:00","FI"
"512","Novalis",,,"Prog. Kraut","2000-01-00 00:00:00","2000-01-00 00:00:00","DE"
"513","Nuovo Genesi",,,"Prog","2000-01-00 00:00:00","2000-01-00 00:00:00","IT"
"514","Oasis",,,"Alternative Rock","2000-01-00 00:00:00","2000-01-00 00:00:00","UK"
"515","Omega",,,"Classic Rock","2000-01-00 00:00:00","2000-01-00 00:00:00","HU"
"516","Opus Avantra",,,"Prog. RIO/Avant-Prog / Progressive Rock artist from Italy","2000-01-00 00:00:00","2000-01-00 00:00:00","IT"
"517","Os Mutantes",,,"Prog","2000-01-00 00:00:00","2000-01-00 00:00:00","BR"
"518","Out of Focus",,,"Prog. Kraut","2000-01-00 00:00:00","2000-01-00 00:00:00","DE"
"519","OverMaster",,,"Power","2000-01-00 00:00:00","2000-01-00 00:00:00","IT"
"520","Ozric Tentacles",,,"Prog. Space","2000-01-00 00:00:00","2000-01-00 00:00:00","UK"
"521","Ozzy Osbourne",,,"Heavy Metal singer","2000-01-00 00:00:00","2000-01-00 00:00:00","US"
"522","Pan",,,"Prog. Psychedelic. Pan were a Danish prog/psych/blues rock band from the early 1970s consisting of musicians Robert Lelievre, Thomas Puggaard-Müller, Henning Verner, Arne Würgler, Michael Puggaard-Müller, and in the group's 2nd incarnation: Jens Elbøl, Torben Enghoff, and Nils Tuxen. Several of these musicians are still playing regular live shows in various different bands, such as Troels Jensen & Kenn Lending Blues Band, Somanden Og Stjernerne, and Survivors.
Sites:
panrobertlelievre.com","2000-01-00 00:00:00","2000-01-00 00:00:00","DK"
"523","Panna Fredda",,,"Prog","2000-01-00 00:00:00","2000-01-00 00:00:00","IT"
"524","Patto",,,"Prog. Jazz-rock. Progressive jazz-rock band formed in England in 1970","2000-01-00 00:00:00","2000-01-00 00:00:00","UK"
"525","Pavlov`s Dog",,,"Prog","2000-01-00 00:00:00","2000-01-00 00:00:00","US"
"526","Pavlov`s Dog 2000",,,"Prog. Connected to Pavlov's Dog","2000-01-00 00:00:00","2000-01-00 00:00:00","US"
"527","Багровый Фантомас",,,,"2021-12-02 10:42:05","2021-12-02 10:42:05",
"528","Peter Hammill & Roger Eno",,,"Prog","2000-01-00 00:00:00","2000-01-00 00:00:00","UK"
"529","PFM",,,"Prog. Symphonic","2000-01-00 00:00:00","2000-01-00 00:00:00","IT"
"530","Phew",,,"Prog","2000-01-00 00:00:00","2000-01-00 00:00:00","JP"
"531","Phil Miller",,,"English progressive rock/jazz guitarist who was part of the Canterbury scene.","2000-01-00 00:00:00","2000-01-00 00:00:00","UK"
"532","Pink Floyd",,,"Prog. Space","2000-01-00 00:00:00","2000-01-00 00:00:00","UK"
"533","Popol Vuh",,,"Prog. Kraut","2000-01-00 00:00:00","2000-01-00 00:00:00","DE"
"534","Porcupine Tree",,,"Progressive Metal","2000-01-00 00:00:00","2000-01-00 00:00:00","UK"
"535","Procol Harum",,,"Prog","2000-01-00 00:00:00","2000-01-00 00:00:00","UK"
"536","Procession",,,"Prog. PROCESSION formed in Turin in 1972. They came out that same year with an album titled Frontiera for the small Help label (an RCA subsidiary that also released QUELLA VECCHIA LOCANDA's first album). This record is particularly interesting for the lyrics that dealt with immigration. Musically the style is rather acoustic","2000-01-00 00:00:00","2000-01-00 00:00:00","IT"
"537","Puhdys",,,"Classic Rock","2000-01-00 00:00:00","2000-01-00 00:00:00","DE"
"538","Quaterna Requiem",,,"Prog. Symphonic. A symphonic progressive band out of Brazil. The group plays piano, synthesizer for lyrical developments, violin, classical guitar & viola, bass & drums. Additional musicians add oboe, flute. The music is symphonic prog centered around Elisa Wiermann on keyboards and Claudio Dantas on drums. Highly recommended to fans of the Italian classical prog style.","2000-01-00 00:00:00","2000-01-00 00:00:00","BR"
"539","Queensryche",,,"Progressive Metal. American progressive heavy metal band formed in 1981 in Bellevue, Washington","2000-01-00 00:00:00","2000-01-00 00:00:00","US"
"540","Renaissance",,,"Prog. Symphonic","2000-01-00 00:00:00","2000-01-00 00:00:00","UK"
"541","Robert Fripp",,,"Prog guitarist from King Crimson","2000-01-00 00:00:00","2000-01-00 00:00:00","UK"
"542","Robert Plant",,,"Classic Rock singer","2000-01-00 00:00:00","2000-01-00 00:00:00","UK"
"543","Roxy Music",,,"Prog","2000-01-00 00:00:00","2000-01-00 00:00:00","UK"
"544","Runaway Totem",,,"Prog. RUNAWAY TOTEM is surely one of the most incredible band that you can find in Italy. They use their rich instrumentation (keyboards, vocals, backing vocals, guitars) to create ethereal, romantic climates, with the deep singing, the grandiose backing vocals. They use too some nearly MAGMA-like passages, a vocal paroxysm evoking AREA, energetic KING CRIMSON rhytms with a AMON DULL II touch and even GENTLE GIANT's echoes. ","2000-01-00 00:00:00","2000-01-00 00:00:00","IT"
"545","Running Wild",,,"Heavy Metal","2000-01-00 00:00:00","2000-01-00 00:00:00","DE"
"546","Rush",,,"Prog","2000-01-00 00:00:00","2000-01-00 00:00:00","CA"
"547","Sabaton",,,"Power metal band from Falun, Sweden formed in 1999","2000-01-00 00:00:00","2000-01-00 00:00:00","SE"
"548","Samla Mammas Manna",,,"Prog. RIO","2000-01-00 00:00:00","2000-01-00 00:00:00","SE"
"549","Shenandoah",,,"Classic Rock. Connected to Glass Prism","2000-01-00 00:00:00","2000-01-00 00:00:00","US"
"550","Skaladdin",,,"Alternative Rock. Ska-punk","2000-01-00 00:00:00","2000-01-00 00:00:00","CH"
"551","Skin Alley",,,"Prog. A good typical early UK jazz rock between Colosseum and brass rock ala If, Warm Dust, Brainchild and Galliard
","2000-01-00 00:00:00","2000-01-00 00:00:00","UK"
"552","Skyclad",,,"Heavy Folk Metal","2000-01-00 00:00:00","2000-01-00 00:00:00","UK"
"553","Slade",,,"Classic Rock","2000-01-00 00:00:00","2000-01-00 00:00:00","UK"
"554","Slayer",,,"Thrash Metal","2000-01-00 00:00:00","2000-01-00 00:00:00","US"
"555","Soft Machine",,,"Prog","2000-01-00 00:00:00","2000-01-00 00:00:00","UK"
"556","Solar Plexus",,,"Prog","2000-01-00 00:00:00","2000-01-00 00:00:00","SE"
"557","Spice",,,"Classic Rock. Connected to Uriah Heep","2000-01-00 00:00:00","2000-01-00 00:00:00","UK"
"558","Stone Fury",,,"Classic Rock. Connected to Kingdom Come","2000-01-00 00:00:00","2000-01-00 00:00:00","DE"
"559","Stormwitch",,,"Heavy Metal","2000-01-00 00:00:00","2000-01-00 00:00:00","DE"
"560","Strawbs",,,"Prog","2000-01-00 00:00:00","2000-01-00 00:00:00","UK"
"561","Stray",,,"Prog","2000-01-00 00:00:00","2000-01-00 00:00:00","UK"
"562","Styx",,,"Classic Rock","2000-01-00 00:00:00","2000-01-00 00:00:00","US"
"563","Supertramp",,,"Classic Rock","2000-01-00 00:00:00","2000-01-00 00:00:00","UK"
"564","Svanfridur",,,"Prog","2000-01-00 00:00:00","2000-01-00 00:00:00","IS"
"565","Sweet",,,"Classic Rock","2000-01-00 00:00:00","2000-01-00 00:00:00","UK"
"566","T. Rex",,,"Classic Rock","2000-01-00 00:00:00","2000-01-00 00:00:00","UK"
"567","Tantra",,,"Prog","2000-01-00 00:00:00","2000-01-00 00:00:00","PT"
"568","Taproban",,,"Prog","2000-01-00 00:00:00","2000-01-00 00:00:00","IT"
"569","Tenacious D",,,"Alternative","2000-01-00 00:00:00","2000-01-00 00:00:00","US"
"570","Ten Years After",,,"Classic Rock","2000-01-00 00:00:00","2000-01-00 00:00:00","UK"
"571","Terje Rypdal",,,"Prog. Norwegian guitarist and composer.","2000-01-00 00:00:00","2000-01-00 00:00:00","NO"
"572","The 4 Levels of Existence",,,"Prog","2000-01-00 00:00:00","2000-01-00 00:00:00","GR"
"573","The Beatles",,,"Classic Rock","2000-01-00 00:00:00","2000-01-00 00:00:00","UK"
"574","The Long Hello",,,"Prog. VdGG without PH","2000-01-00 00:00:00","2000-01-00 00:00:00","UK"
"575","The Moody Blues",,,"Prog","2000-01-00 00:00:00","2000-01-00 00:00:00","UK"
"576","The Who",,,"Classic Rock","2000-01-00 00:00:00","2000-01-00 00:00:00","UK"
"577","The No-neck Blues Band",,,"Prog. Avant-garde. Also known as NNCK, is a seven-member free-form improvisational musical collective from New York City. ","2000-01-00 00:00:00","2000-01-00 00:00:00","US"
"578","Therion",,,"Symphonic Metal","2000-01-00 00:00:00","2000-01-00 00:00:00","SE"
"579","Thunderstone",,,"Power Metal","2000-01-00 00:00:00","2000-01-00 00:00:00","FI"
"580","Thunderstorm",,,"Doom Metal","2000-01-00 00:00:00","2000-01-00 00:00:00","IT"
"581","Tiamat",,,"Gothic Metal + Doom","2000-01-00 00:00:00","2000-01-00 00:00:00","SE"
"582","Ton Steine Scherben",,,"Classic Rock","2000-01-00 00:00:00","2000-01-00 00:00:00","DE"
"583","Tony Pagluica and David Jackson",,,"Prog singer from Le Orme","2000-01-00 00:00:00","2000-01-00 00:00:00","IT"
"584","Type O Negative",,,"Gothic","2000-01-00 00:00:00","2000-01-00 00:00:00","US"
"585","Traffic",,,"Prog","2000-01-00 00:00:00","2000-01-00 00:00:00","UK"
"586","Trans Siberian Orchestra",,,"Prog","2000-01-00 00:00:00","2000-01-00 00:00:00","SE"
"587","U.K.",,,"Prog. Symphonic","2000-01-00 00:00:00","2000-01-00 00:00:00","UK"
"588","Uriah Heep",,,"Classic Rock band","2000-01-00 00:00:00","2000-01-00 00:00:00","UK"
"589","Ustmamo, Disciplinatha, CSI",,,"Alternative. Punk Rock. Connected to CCCP","2000-01-00 00:00:00","2000-01-00 00:00:00","IT"
"590","Vedda Tribe",,,"Prog","2000-01-00 00:00:00","2000-01-00 00:00:00","IT"
"591","VdGG",,,"Prog","2000-01-00 00:00:00","2000-01-00 00:00:00","UK"
"592","Vinegar",,,"Prog. Kraut","2000-01-00 00:00:00","2000-01-00 00:00:00","DE"
"593","Virus",,,"Classic Rock. psychedelic band originating from Bielefeld in Northern Germany.","2000-01-00 00:00:00","2000-01-00 00:00:00","DE"
"594","Voivod",,,"Thrash Metal","2000-01-00 00:00:00","2000-01-00 00:00:00","CA"
"595","Volapuk",,,"Prog. Avant-garde. Volapük was a French avant-garde band created in 1993 by the drummer Guigou Chenevier, along with Michel Mandel and Guillaume Saurel","2000-01-00 00:00:00","2000-01-00 00:00:00","FR"
"596","Von Zamla",,,"Prog. RIO. Spin-off from Samla Mammas Manna","2000-01-00 00:00:00","2000-01-00 00:00:00","SE"
"597","Wild Turkey",,,"Classic Rock. Glenn Cornick from JT","2000-01-00 00:00:00","2000-01-00 00:00:00","UK"
"598","Whiplash",,,"Thrash Metal","2000-01-00 00:00:00","2000-01-00 00:00:00","US"
"599","White Skull",,,"Power Metal band","2000-01-00 00:00:00","2000-01-00 00:00:00","IT"
"600","Yes",,,"Prog. Symphonic","2000-01-00 00:00:00","2000-01-00 00:00:00","UK"
"601","Zaal",,,"Prog. Jazz-rock/Fusion","2000-01-00 00:00:00","2000-01-00 00:00:00","IT"
"602","Zamla Mammas Manna",,,"Prog. RIO","2000-01-00 00:00:00","2000-01-00 00:00:00","SE"
"603","Zao",,,"Prog. Zeuhl","2000-01-00 00:00:00","2000-01-00 00:00:00","FR"
"604","Zartong",,,"Prog from Armenia","2000-01-00 00:00:00","2000-01-00 00:00:00","AM"
"605","Metallica",,,,"2000-01-00 00:00:00","2000-01-00 00:00:00","US"
"606","Dio",,,,"2000-01-00 00:00:00","2000-01-00 00:00:00","US"
"607","Lacrimosa",,,,"2000-01-00 00:00:00","2000-01-00 00:00:00","CH"
"608","Sentenced",,,,"2000-01-00 00:00:00","2000-01-00 00:00:00","FI"
"609","Orange Goblin",,,,"2000-01-00 00:00:00","2000-01-00 00:00:00","UK"
"610","Cinderella",,,,"2000-01-00 00:00:00","2000-01-00 00:00:00","US"
"611","Kandahar",,,,"2000-01-00 00:00:00","2000-01-00 00:00:00","BE"
"612","Peter, Paul and Mary",,,,"2000-01-00 00:00:00","2000-01-00 00:00:00","US"
"613","Country Joe McDonald",,,,"2000-01-00 00:00:00","2000-01-00 00:00:00","US"
"614","Country Joe & The Fish",,,,"2000-01-00 00:00:00","2000-01-00 00:00:00","US"
"615","Baron Rojo",,,,"2000-01-00 00:00:00","2000-01-00 00:00:00","ES"
"616","W.A.S.P.",,,,"2000-01-00 00:00:00","2000-01-00 00:00:00","US"
"617","Dragontears",,,,"2000-01-00 00:00:00","2000-01-00 00:00:00","DK"
"618","Zoser Mez",,,,"2000-01-00 00:00:00","2000-01-00 00:00:00","DK"
"619","Paradise Lost",,,,"2000-01-00 00:00:00","2000-01-00 00:00:00","UK"
"620","Dark Moor",,,,"2000-01-00 00:00:00","2000-01-00 00:00:00","ES"
"621","Dream Theater",,,,"2000-01-00 00:00:00","2000-01-00 00:00:00","US"
"622","S.P.O.R.T.",,,,"2000-01-00 00:00:00","2000-01-00 00:00:00","RU"
"623","Birth Control",,,,"2000-01-00 00:00:00","2000-01-00 00:00:00","DE"
"624","Hawk",,,,"2000-01-00 00:00:00","2000-01-00 00:00:00","SA"
"625","Guns N'Roses",,,,"2000-01-00 00:00:00","2000-01-00 00:00:00","US"
"626","Hardin & York",,,,"2000-01-00 00:00:00","2000-01-00 00:00:00","UK"
"627","Rick Wakeman",,,,"2000-01-00 00:00:00","2000-01-00 00:00:00","UK"
"628","Rage",,,,"2000-01-00 00:00:00","2000-01-00 00:00:00","DE"
"629","Blind Guardian",,,,"2000-01-00 00:00:00","2000-01-00 00:00:00","DE"
"630","Hibria",,,,"2000-01-00 00:00:00","2000-01-00 00:00:00","BR"
"631","SBB",,,,"2000-01-00 00:00:00","2000-01-00 00:00:00","PL"
"632","Bruce Dickinson",,,,"2000-01-00 00:00:00","2000-01-00 00:00:00","UK"
"633","Kamelot",,,,"2000-01-00 00:00:00","2000-01-00 00:00:00","US"
"634","Jon Lord",,,,"2000-01-00 00:00:00","2000-01-00 00:00:00","UK"
"635","Catapilla",,,,"2000-01-00 00:00:00","2000-01-00 00:00:00","UK"
"636","Fates Warning",,,,"2000-01-00 00:00:00","2000-01-00 00:00:00","US"
"637","Ken Hensley & Visible Faith",,,,"2000-01-00 00:00:00","2000-01-00 00:00:00","UK"
"638","Silentium",,,,"2000-01-00 00:00:00","2000-01-00 00:00:00","FI"
"639","The Stranglers",,,,"2000-01-00 00:00:00","2000-01-00 00:00:00","UK"
"640","Aina",,,,"2000-01-00 00:00:00","2000-01-00 00:00:00","FI"
"641","Rhapsody",,,,"2000-01-00 00:00:00","2000-01-00 00:00:00","IT"
"642","Arktis",,,,"2000-01-00 00:00:00","2000-01-00 00:00:00","DE"
"643","Karussell",,,,"2000-01-00 00:00:00","2000-01-00 00:00:00","DE"
"644","Presser Gábor",,,,"2000-01-00 00:00:00","2000-01-00 00:00:00","HU"
"645","Mind Odyssey",,,,"2000-01-00 00:00:00","2000-01-00 00:00:00","DE"
"646","The Residents",,,,"2000-01-00 00:00:00","2000-01-00 00:00:00","US"
"647","Tony Ashton & Jon Lord",,,,"2000-01-00 00:00:00","2000-01-00 00:00:00","UK"
"648","GZR",,,,"2000-01-00 00:00:00","2000-01-00 00:00:00","UK"
"649","Paice, Ashton & Lord",,,,"2000-01-00 00:00:00","2000-01-00 00:00:00","UK"
"650","Jon Lord & The Hoochie Coochie Men",,,,"2000-01-00 00:00:00","2000-01-00 00:00:00","UK"
"651","The Artwoods",,,,"2000-01-00 00:00:00","2000-01-00 00:00:00","UK"
"652","Faust & Nurse with Wound",,,,"2000-01-00 00:00:00","2000-01-00 00:00:00","DE"
"653","Opeth",,,,"2000-01-00 00:00:00","2000-01-00 00:00:00","SE"
"654","Brian Eno",,,,"2000-01-00 00:00:00","2000-01-00 00:00:00","UK"
"655","Gomorrha",,,,"2000-01-00 00:00:00","2000-01-00 00:00:00","DE"
"656","Baby Woodrose",,,,"2000-01-00 00:00:00","2000-01-00 00:00:00","DK"
"657","Robert Wyatt",,,,"2000-01-00 00:00:00","2000-01-00 00:00:00","UK"
"658","Steve Hackett",,,,"2000-01-00 00:00:00","2000-01-00 00:00:00","UK"
"659","Simon & Garfunkel",,,,"2000-01-00 00:00:00","2000-01-00 00:00:00","UK"
"660","Sleepy Hollow",,,,"2000-01-00 00:00:00","2000-01-00 00:00:00","US"
"661","Force of Evil",,,,"2000-01-00 00:00:00","2000-01-00 00:00:00","DK"
"662","Disciplinatha",,,,"2000-01-00 00:00:00","2000-01-00 00:00:00","IT"
"663","Forbidden",,,,"2000-01-00 00:00:00","2000-01-00 00:00:00","US"
"664","Trace",,,,"2000-01-00 00:00:00","2000-01-00 00:00:00","NL"
"665","Acoustic Alchemy",,,,"2000-01-00 00:00:00","2000-01-00 00:00:00","UK"
"666","Üstmamò",,,,"2000-01-00 00:00:00","2000-01-00 00:00:00","IT"
"667","Rare Bird",,,,"2000-01-00 00:00:00","2000-01-00 00:00:00","UK"
"668","Hi-Fi",,,,"2000-01-00 00:00:00","2000-01-00 00:00:00","US"
"669","The Old Man & The Sea",,,,"2000-01-00 00:00:00","2000-01-00 00:00:00","DK"
"671","Fate",,,,"2000-01-00 00:00:00","2000-01-00 00:00:00","DK"
"672","Kawasaki 3P",,,,"2000-01-00 00:00:00","2000-01-00 00:00:00","CR"
"673","The Hobbits",,,,"2000-01-00 00:00:00","2000-01-00 00:00:00","US"
"674","Sick Puppies",,,,"2000-01-00 00:00:00","2000-01-00 00:00:00","AU"
"675","Second Hand",,,,"2000-01-00 00:00:00","2000-01-00 00:00:00","UK"
"676","Anyone's Daughter",,,,"2000-01-00 00:00:00","2000-01-00 00:00:00","DE"
"677","Babe Ruth",,,,"2000-01-00 00:00:00","2000-01-00 00:00:00","UK"
"678","Far East Family Band",,,,"2000-01-00 00:00:00","2000-01-00 00:00:00","JP"
"679","Klaatu",,,,"2000-01-00 00:00:00","2000-01-00 00:00:00","CA"
"680","PGR",,,,"2000-01-00 00:00:00","2000-01-00 00:00:00","IT"
"681","Wigwam",,,,"2000-01-00 00:00:00","2000-01-00 00:00:00","FI"
"682","Iron Maiden",,,,"2000-01-00 00:00:00","2000-01-00 00:00:00","UK"
"683","Electric Light Orchestra",,,,"2000-01-00 00:00:00","2000-01-00 00:00:00","UK"
"684","Modo",,,,"2000-01-00 00:00:00","2000-01-00 00:00:00","LV"
"685","De De Lind",,,,"2000-01-00 00:00:00","2000-01-00 00:00:00","IT"
"686","Lake of Tears",,,,"2000-01-00 00:00:00","2000-01-00 00:00:00","SE"
"687","Giovanni Lindo Ferretti",,,,"2000-01-00 00:00:00","2000-01-00 00:00:00","IT"
"688","Chick Churchill",,,,"2000-01-00 00:00:00","2000-01-00 00:00:00","UK"
"689","Andrew Powell and the Philharmonia Orchestra",,,,"2000-01-00 00:00:00","2000-01-00 00:00:00","UK"
"690","Behemoth",,,,"2000-01-00 00:00:00","2000-01-00 00:00:00","PL"
"691","Brand X",,,,"2000-01-00 00:00:00","2000-01-00 00:00:00","UK"
"692","James Whild Lea",,,,"2000-01-00 00:00:00","2000-01-00 00:00:00","UK"
"693","Living Life",,,,"2000-01-00 00:00:00","2000-01-00 00:00:00","IT"
"694","Orange Peel",,,,"2000-01-00 00:00:00","2000-01-00 00:00:00","DE"
"695","Supersister",,,,"2000-01-00 00:00:00","2000-01-00 00:00:00","NL"
"696","Twisted Sister",,,,"2000-01-00 00:00:00","2000-01-00 00:00:00","US"
"697","Skinny Puppy",,,,"2000-01-00 00:00:00","2000-01-00 00:00:00","CA"
"698","Wishbone Ash",,,,"2000-01-00 00:00:00","2000-01-00 00:00:00","UK"
"699","The Move",,,,"2000-01-00 00:00:00","2000-01-00 00:00:00","UK"
"700","Whitesnake",,,,"2000-01-00 00:00:00","2000-01-00 00:00:00","UK"
"701","Tristania",,,,"2000-01-00 00:00:00","2000-01-00 00:00:00","NO"
"702","Gov't Mule",,,,"2000-01-00 00:00:00","2000-01-00 00:00:00","US"
"703","The Sins of Thy Beloved",,,,"2000-01-00 00:00:00","2000-01-00 00:00:00","NO"
"704","Touch",,,,"2000-01-00 00:00:00","2000-01-00 00:00:00","US"
"705","Museo Rosenbach",,,,"2000-01-00 00:00:00","2000-01-00 00:00:00","IT"
"706","Iggy Pop",,,,"2000-01-00 00:00:00","2000-01-00 00:00:00","US"
"707","Anathema",,,,"2000-01-00 00:00:00","2000-01-00 00:00:00","UK"
"708","Christian Vander",,,,"2000-01-00 00:00:00","2000-01-00 00:00:00","FR"
"709","Arzachel",,,,"2000-01-00 00:00:00","2000-01-00 00:00:00","UK"
"710","Leverage",,,,"2000-01-00 00:00:00","2000-01-00 00:00:00","FI"
"711","Vanilla Fudge",,,,"2000-01-00 00:00:00","2000-01-00 00:00:00","US"
"712","Arch Enemy",,,,"2000-01-00 00:00:00","2000-01-00 00:00:00","SE"
"713","Toad",,,,"2000-01-00 00:00:00","2000-01-00 00:00:00","CH"
"714","White Wizzard",,,,"2000-01-00 00:00:00","2000-01-00 00:00:00","US"
"715","Czesław Niemen",,,,"2000-01-00 00:00:00","2000-01-00 00:00:00","PL"
"716","Japan",,,,"2000-01-00 00:00:00","2000-01-00 00:00:00","UK"
"717","The Dear Hunter",,,,"2000-01-00 00:00:00","2000-01-00 00:00:00","US"
"718","Stangala",,,,"2000-01-00 00:00:00","2000-01-00 00:00:00","FR"
"719","The Animals",,,,"2000-01-00 00:00:00","2000-01-00 00:00:00","UK"
"720","Avantasia",,,,"2000-01-00 00:00:00","2000-01-00 00:00:00","DE"
"721","Stangala & Stonebirds",,,,"2000-01-00 00:00:00","2000-01-00 00:00:00","FR"
"722","T2",,,,"2000-01-00 00:00:00","2000-01-00 00:00:00","UK"
"723","Bubbi Morthens",,,,"2000-01-00 00:00:00","2000-01-00 00:00:00","IS"
"724","Kiss",,,,"2000-01-00 00:00:00","2000-01-00 00:00:00","US"
"725","Norman Savitt",,,,"2000-01-00 00:00:00","2000-01-00 00:00:00","US"
"726","Wolfmother",,,,"2000-01-00 00:00:00","2000-01-00 00:00:00","AU"
"727","Tarja Turunen",,,,"2000-01-00 00:00:00","2000-01-00 00:00:00","FI"
"728","Archontes",,,,"2000-01-00 00:00:00","2000-01-00 00:00:00","RU"
"729","Virgin Black",,,,"2000-01-00 00:00:00","2000-01-00 00:00:00","AU"
"730","Marco Lo Muscio",,,,"2000-01-00 00:00:00","2000-01-00 00:00:00","IT"
"731","Longing for Dawn",,,,"2000-01-00 00:00:00","2000-01-00 00:00:00","CA"
"732","Eric Clapton",,,,"2000-01-00 00:00:00","2000-01-00 00:00:00","UK"
"733","Xystus",,,,"2000-01-00 00:00:00","2000-01-00 00:00:00","NL"
"734","Septic Flesh",,,,"2000-01-00 00:00:00","2000-01-00 00:00:00","GR"
"735","Citadel",,,,"2000-01-00 00:00:00","2000-01-00 00:00:00","RU"
"736","Daylight Dies",,,,"2000-01-00 00:00:00","2000-01-00 00:00:00","US"
"737","Edgar Allan Poe",,,,"2000-01-00 00:00:00","2000-01-00 00:00:00","ES"
"738","Рогатые Трупоеды",,,,"2000-01-00 00:00:00","2000-01-00 00:00:00","RU"
"739","Кино",,,,"2000-01-00 00:00:00","2000-01-00 00:00:00","RU"
"740","Motorbiscuit",,,,"2000-01-00 00:00:00","2000-01-00 00:00:00","US"
"741","Sonata Arctica",,,,"2000-01-00 00:00:00","2000-01-00 00:00:00","FI"
"742","Fish",,,,"2000-01-00 00:00:00","2000-01-00 00:00:00","UK"
"743","Aniday",,,,"2000-01-00 00:00:00","2000-01-00 00:00:00","NL"
"744","Spids Nøgenhat",,,,"2000-01-00 00:00:00","2000-01-00 00:00:00","DK"
"745","Pearl Jam",,,,"2000-01-00 00:00:00","2000-01-00 00:00:00","US"
"746","StoneBirds",,,,"2000-01-00 00:00:00","2000-01-00 00:00:00","FR"
"747","Sabbat",,,,"2000-01-00 00:00:00","2000-01-00 00:00:00","UK"
"748","Agalloch",,,,"2000-01-00 00:00:00","2000-01-00 00:00:00","US"
"749","Steve Rothery",,,,"2000-01-00 00:00:00","2000-01-00 00:00:00","UK"
"750","War (Eric Burdon & War)",,,,"2000-01-00 00:00:00","2000-01-00 00:00:00","US"
"752","Zodiac",,,,"2000-01-00 00:00:00","2000-01-00 00:00:00","DE"
"753","The West Coast Pop Art Experimental Band",,,,"2000-01-00 00:00:00","2000-01-00 00:00:00","US"
"754","Axel Rudi Pell",,,,"2000-01-00 00:00:00","2000-01-00 00:00:00","DE"
"755","C.A. Quintet",,,,"2000-01-00 00:00:00","2000-01-00 00:00:00","US"
"756","Lana Del Rey",,,,"2000-01-00 00:00:00","2000-01-00 00:00:00","US"
"757","Death",,,,"2000-01-00 00:00:00","2000-01-00 00:00:00","US"
"758","Slash",,,,"2000-01-00 00:00:00","2000-01-00 00:00:00","US"
"759","Scanner",,,,"2000-01-00 00:00:00","2000-01-00 00:00:00","DE"
"760","Alchemist",,,,"2000-01-00 00:00:00","2000-01-00 00:00:00","AU"
"762","I.D. Company",,,,"2000-01-00 00:00:00","2000-01-00 00:00:00","DE"
"763","On Trial",,,,"2000-01-00 00:00:00","2000-01-00 00:00:00","DK"
"764","John Carpenter",,,,"2000-01-00 00:00:00","2000-01-00 00:00:00","US"
"765","Pyramaze",,,,"2000-01-00 00:00:00","2000-01-00 00:00:00","DK"
"767","Victor Smolski",,,,"2000-01-00 00:00:00","2000-01-00 00:00:00","BY"
"768","Nirvana",,,,"2000-01-00 00:00:00","2000-01-00 00:00:00","US"
"769","Velvett Fogg",,,,"2000-01-00 00:00:00","2000-01-00 00:00:00","UK"
"771","Abrahma",,,,"2000-01-00 00:00:00","2000-01-00 00:00:00","FR"
"774","Wo Fat",,,,"2000-01-00 00:00:00","2000-01-00 00:00:00","US"
"783","Denner / Shermann",,,,"2000-01-00 00:00:00","2000-01-00 00:00:00","DK"
"785","Spiritual Beggars",,,,"2000-01-00 00:00:00","2000-01-00 00:00:00","SE"
"786","1000mods",,,,"2000-01-00 00:00:00","2020-10-10 15:38:06","GR"
"787","Kyuss",,,,"2000-01-00 00:00:00","2000-01-00 00:00:00","US"
"788","Absolute Elsewhere",,,,"2000-01-00 00:00:00","2000-01-00 00:00:00","UK"
"789","Witchcraft",,,,"2000-01-00 00:00:00","2000-01-00 00:00:00","SE"
"790","Rival Sons",,,,"2000-01-00 00:00:00","2000-01-00 00:00:00","US"
"791","Stoner Train",,,,"2000-01-00 00:00:00","2000-01-00 00:00:00","RU"
"792","Sleep",,,,"2000-01-00 00:00:00","2000-01-00 00:00:00","US"
"793","Mastodon",,,,"2000-01-00 00:00:00","2000-01-00 00:00:00","US"
"794","All Them Witches",,,,"2000-01-00 00:00:00","2000-01-00 00:00:00","US"
"796","Alabama Thunderpussy",,,,"2000-01-00 00:00:00","2000-01-00 00:00:00","US"
"797","Pentagram",,,,"2000-01-00 00:00:00","2000-01-00 00:00:00","US"
"798","Stoned Jesus",,,,"2000-01-00 00:00:00","2000-01-00 00:00:00","UA"
"799","Eagles",,,,"2000-01-00 00:00:00","2000-01-00 00:00:00","US"
"800","Blind Dog",,,,"2000-01-00 00:00:00","2000-01-00 00:00:00","SE"
"801","Black Rainbows",,,,"2000-01-00 00:00:00","2000-01-00 00:00:00","IT"
"804","The Devil and the Almighty Blues",,,,"2000-01-00 00:00:00","2000-01-00 00:00:00","NO"
"805","Kult of The Wizard",,,,"2000-01-00 00:00:00","2000-01-00 00:00:00","US"
"808","The Psycheground Group",,,,"2000-01-00 00:00:00","2000-01-00 00:00:00","IT"
"809","Down",,,,"2000-01-00 00:00:00","2000-01-00 00:00:00","US"
"810","Siberius",,,,"2016-01-24 18:38:41","2016-01-24 18:38:41",
"5317","Бранимир",,,,"2000-01-00 00:00:00","2000-01-00 00:00:00",
"5799","Suicidal Tendencies",,,,"2016-04-21 06:39:07","2016-04-21 06:39:07",
"5800","The Deadbeats",,,,"2016-04-22 08:47:07","2016-04-22 08:47:07",
"5801","Uncle Acid",,,,"2016-04-22 08:47:07","2016-04-22 08:47:07",
"5803","Manfred Mann's Earth Band",,,,"2016-04-22 11:20:01","2016-04-22 11:20:01",
"5804","Satyricon",,,,"2016-05-15 11:44:26","2016-05-15 11:44:26",
"5805","Egypt",,,,"2016-06-01 08:16:10","2016-06-01 08:16:10",
"5806","Сергей Маврин",,,,"2017-03-03 11:55:26","2017-03-03 11:55:26",
"5807","макулатура",,,,"2017-03-03 12:15:42","2017-03-03 12:15:42",
"5808","Шляпа Шаляпина",,,,"2017-03-03 12:31:57","2017-03-03 12:31:57",
"5809","Ночные грузчики",,,,"2017-03-03 12:34:00","2017-03-03 12:34:00",
"5810","LaScala",,,"LaScala&nbsp;&mdash; российская альтернативная рок-группа, образованная гитаристом коллектива &laquo;I.F.K.&raquo; Максом Галстьяном.","2018-01-22 12:25:06","2018-06-01 17:17:13",
"5811","монеточка",,,,"2018-05-26 11:43:33","2018-05-26 11:43:33",
"5812","25/17",,,,"2018-09-04 17:15:05","2018-09-04 17:15:05",
"5813","Пионерлагерь Пыльная Радуга",,,,"2018-09-04 17:33:16","2018-09-04 17:33:16",
"5814","Korpiklaani",,,,"2018-11-14 21:02:59","2018-11-14 21:02:59",
"5815","AnnenMayKantereit",,,,"2019-03-18 13:27:03","2019-03-18 13:27:03",
"5816","Texas Hippie Coalition",,,,"2019-03-18 13:35:47","2019-03-18 13:35:47",
"5817","Beast In Black",,,,"2019-03-18 13:38:53","2019-03-18 13:38:53",
"5818","Zемфира",,,,"2019-05-27 15:03:59","2019-05-27 15:03:59",
"5819","Sobut",,,,"2019-06-04 12:33:21","2019-06-04 12:33:21",
"5820","Цитадель Ветров",,,,"2019-06-04 12:38:58","2019-06-04 12:38:58",
"5821","Alter Bridge",,,,"2019-06-08 11:26:08","2019-06-08 11:26:08",
"5822","Robots Don't Cry",,,,"2019-06-11 10:36:19","2019-06-11 10:36:19",
"5823","Argentum",,,,"2019-06-14 14:25:05","2019-06-14 14:25:05",
"5824","Aria",,,,"2019-06-14 14:44:31","2019-06-14 14:44:31",
"5825","Alessiee",,,,"2019-06-14 15:09:24","2019-06-14 15:09:24",
"5826","Fear and The Nervous System",,,,"2019-06-15 11:56:35","2019-06-15 11:56:35",
"5827","Sylar",,,,"2019-06-15 11:59:22","2019-06-15 11:59:22",
"5828","Large Marge",,,,"2019-06-15 12:02:05","2019-06-15 12:02:05",
"5829","[F.R.O.S.T.]",,,,"2019-06-15 12:06:12","2019-06-15 12:06:12",
"5830","Eyes of Noctum",,,,"2019-06-15 12:08:45","2019-06-15 12:08:45",
"5831","Darling Thieves",,,,"2019-06-15 12:13:17","2019-06-15 12:13:17",
"5832","Toucan Die",,,,"2019-06-18 09:57:29","2019-06-18 09:57:29",
"5833","Bring Me the Horizon",,,,"2019-06-18 22:36:39","2019-06-18 22:36:39",
"5834","Stone Temple Pilots",,,,"2019-06-18 22:38:54","2019-06-18 22:38:54",
"5835","BRUTTO",,,,"2019-06-20 22:26:06","2019-06-20 22:26:06",
"5836","Killswitch Engage",,,,"2019-06-25 10:28:24","2019-06-25 10:28:24",
"5837","Daughtry",,,,"2019-06-25 17:11:03","2019-06-25 17:11:03",
"5838","The Cure",,,,"2019-07-29 10:22:14","2019-07-29 10:22:14",
"5839","Порнофильмы",,,,"2019-08-14 12:36:12","2019-08-14 12:36:12",
"5840","Biting Elbows",,,,"2019-08-14 12:43:57","2019-08-14 12:43:57",
"5841","3 Doors Down",,,,"2020-01-16 15:34:24","2020-01-16 15:34:24",
"5842","69 Chambers",,,,"2020-01-16 15:41:11","2020-01-16 15:41:11",
"5843","Anacondaz",,,,"2020-01-16 15:48:22","2020-01-16 15:48:22",
